Month,Country,Product_Category,Units_Sold,Unit_Price,Discount,Revenue
2023-01,Brazil,Toys,29,191.6,0.23,4278.43
2023-01,France,Home,19,108.98,0.14,1780.73
2023-01,France,Toys,40,710.99,0.01,28155.2
2023-01,USA,Toys,44,939.17,0.0,41323.48
2023-01,Germany,Electronics,33,311.2,0.16,8626.46
2023-01,Germany,Electronics,49,529.53,0.12,22833.33
2023-01,Australia,Toys,16,240.44,0.03,3731.63
2023-01,Japan,Home,44,519.09,0.18,18728.77
2023-01,UK,Electronics,7,178.82,0.02,1226.71
2023-01,Germany,Electronics,14,810.31,0.09,10323.35
2023-01,France,Clothing,20,248.62,0.2,3977.92
2023-01,Germany,Electronics,8,44.04,0.27,257.19
2023-01,Germany,Clothing,40,757.81,0.13,26371.79
2023-01,Japan,Clothing,4,193.01,0.29,548.15
2023-01,USA,Toys,34,401.2,0.28,9821.38
2023-01,Brazil,Toys,15,97.61,0.06,1376.3
2023-01,India,Clothing,40,846.09,0.22,26398.01
2023-01,Brazil,Electronics,24,363.19,0.08,8019.24
2023-01,Germany,Electronics,41,303.31,0.05,11813.92
2023-01,India,Home,9,774.52,0.06,6552.44
2023-01,Australia,Home,11,206.85,0.21,1797.53
2023-01,UK,Electronics,5,927.04,0.2,3708.16
2023-01,Germany,Home,9,627.07,0.1,5079.27
2023-01,Australia,Home,23,672.15,0.2,12367.56
2023-01,Germany,Toys,22,888.34,0.14,16807.39
2023-01,France,Home,14,850.42,0.22,9286.59
2023-01,Brazil,Home,14,498.86,0.16,5866.59
2023-01,Brazil,Clothing,42,444.94,0.06,17566.23
2023-01,Australia,Home,49,321.21,0.15,13378.4
2023-01,Japan,Electronics,23,608.37,0.16,11753.71
2023-01,France,Toys,13,86.21,0.09,1019.86
2023-01,Japan,Toys,2,628.11,0.09,1143.16
2023-01,France,Clothing,28,805.64,0.06,21204.44
2023-01,Japan,Clothing,11,331.1,0.04,3496.42
2023-01,India,Home,33,279.41,0.19,7468.63
2023-01,India,Toys,13,862.12,0.0,11207.56
2023-01,Australia,Home,9,489.98,0.21,3483.76
2023-01,USA,Toys,24,943.48,0.1,20379.17
2023-01,Australia,Toys,41,409.8,0.02,16465.76
2023-01,USA,Toys,12,259.26,0.15,2644.45
2023-01,India,Electronics,49,997.76,0.08,44979.02
2023-01,USA,Clothing,28,60.96,0.08,1570.33
2023-01,India,Electronics,19,683.9,0.16,10915.04
2023-01,USA,Toys,6,249.63,0.2,1198.22
2023-01,UK,Toys,17,730.93,0.11,11058.97
2023-01,Germany,Clothing,6,404.84,0.24,1846.07
2023-01,Australia,Electronics,9,327.57,0.06,2771.24
2023-01,France,Home,20,332.7,0.07,6188.22
2023-01,USA,Home,19,355.18,0.03,6545.97
2023-01,India,Electronics,40,392.87,0.28,11314.66
2023-01,India,Home,28,737.86,0.06,19420.48
2023-01,Brazil,Clothing,42,265.36,0.2,8916.1
2023-01,USA,Toys,49,249.43,0.03,11855.41
2023-01,Germany,Electronics,37,883.81,0.06,30738.91
2023-01,India,Home,19,728.7,0.27,10107.07
2023-01,Australia,Clothing,33,645.61,0.03,20665.98
2023-01,Australia,Toys,38,672.3,0.17,21204.34
2023-01,Australia,Clothing,25,666.87,0.0,16671.75
2023-01,Australia,Clothing,18,490.76,0.13,7685.3
2023-01,France,Electronics,36,715.06,0.07,23940.21
2023-01,France,Toys,20,372.8,0.22,5815.68
2023-01,UK,Electronics,33,547.11,0.15,15346.44
2023-01,Japan,Home,22,251.55,0.29,3929.21
2023-01,France,Home,8,634.83,0.24,3859.77
2023-01,Japan,Electronics,28,672.23,0.26,13928.61
2023-01,Germany,Electronics,48,287.96,0.01,13683.86
2023-01,India,Toys,17,994.61,0.14,14541.2
2023-01,Japan,Electronics,6,376.46,0.0,2258.76
2023-01,Australia,Electronics,49,557.24,0.17,22662.95
2023-01,Germany,Electronics,21,199.0,0.08,3844.68
2023-01,UK,Toys,18,561.23,0.28,7273.54
2023-01,USA,Home,40,79.71,0.06,2997.1
2023-01,Brazil,Clothing,23,148.68,0.16,2872.5
2023-01,USA,Clothing,17,850.18,0.04,13874.94
2023-01,Japan,Toys,39,300.66,0.24,8911.56
2023-01,UK,Clothing,25,615.4,0.02,15077.3
2023-01,Brazil,Electronics,36,800.31,0.19,23337.04
2023-01,Australia,Clothing,16,60.26,0.27,703.84
2023-01,Brazil,Toys,34,103.04,0.17,2907.79
2023-01,Japan,Home,25,163.49,0.29,2901.95
2023-01,Japan,Clothing,22,257.75,0.01,5613.8
2023-01,Brazil,Clothing,43,135.79,0.16,4904.73
2023-01,France,Toys,44,965.6,0.14,36538.3
2023-01,Japan,Electronics,32,536.04,0.16,14408.76
2023-01,Brazil,Toys,16,976.09,0.15,13274.82
2023-01,Japan,Home,17,404.83,0.13,5987.44
2023-01,USA,Home,26,35.1,0.29,647.95
2023-01,Brazil,Home,9,691.61,0.02,6100.0
2023-01,USA,Electronics,47,257.74,0.16,10175.58
2023-01,Australia,Electronics,40,935.27,0.19,30302.75
2023-01,France,Home,5,615.6,0.13,2677.86
2023-01,Germany,Clothing,16,167.06,0.04,2566.04
2023-01,France,Clothing,28,55.54,0.01,1539.57
2023-01,Japan,Clothing,5,479.43,0.03,2325.24
2023-01,Australia,Electronics,39,352.84,0.14,11834.25
2023-01,France,Home,10,949.65,0.27,6932.44
2023-01,Germany,Home,10,629.6,0.15,5351.6
2023-01,India,Toys,5,687.12,0.18,2817.19
2023-01,Australia,Home,2,36.25,0.18,59.45
2023-01,UK,Toys,24,680.4,0.17,13553.57
2023-02,India,Electronics,43,942.05,0.12,35647.17
2023-02,India,Toys,10,214.62,0.08,1974.5
2023-02,Germany,Home,46,28.04,0.03,1251.14
2023-02,UK,Home,17,659.17,0.12,9861.18
2023-02,USA,Clothing,34,268.09,0.15,7747.8
2023-02,USA,Electronics,45,937.28,0.01,41755.82
2023-02,India,Electronics,36,185.67,0.23,5146.77
2023-02,Australia,Home,49,734.33,0.04,34542.88
2023-02,India,Home,32,347.4,0.28,8004.1
2023-02,France,Toys,49,683.05,0.22,26106.17
2023-02,UK,Electronics,30,903.53,0.15,23040.01
2023-02,Australia,Electronics,22,304.66,0.03,6501.44
2023-02,Germany,Toys,41,848.67,0.11,30967.97
2023-02,Germany,Clothing,31,951.1,0.17,24471.8
2023-02,Brazil,Toys,5,300.28,0.1,1351.26
2023-02,UK,Electronics,36,946.73,0.23,26243.36
2023-02,Brazil,Electronics,42,974.51,0.3,28650.59
2023-02,USA,Electronics,35,888.83,0.11,27687.05
2023-02,USA,Home,12,691.15,0.25,6220.35
2023-02,India,Electronics,38,93.27,0.21,2799.97
2023-02,USA,Electronics,27,709.18,0.02,18764.9
2023-02,France,Clothing,19,585.49,0.26,8231.99
2023-02,Japan,Toys,17,947.78,0.3,11278.58
2023-02,Germany,Toys,6,711.1,0.14,3669.28
2023-02,Germany,Clothing,39,429.98,0.27,12241.53
2023-02,Brazil,Clothing,3,261.15,0.12,689.44
2023-02,Japan,Clothing,20,127.63,0.04,2450.5
2023-02,India,Home,1,684.23,0.07,636.33
2023-02,India,Home,49,92.06,0.16,3789.19
2023-02,France,Clothing,44,978.12,0.17,35720.94
2023-02,Brazil,Electronics,16,532.42,0.3,5963.1
2023-02,France,Toys,35,698.46,0.02,23957.18
2023-02,Brazil,Electronics,49,698.79,0.14,29447.01
2023-02,France,Clothing,3,902.15,0.01,2679.39
2023-02,Germany,Clothing,32,67.29,0.12,1894.89
2023-02,Australia,Toys,8,177.98,0.19,1153.31
2023-02,Australia,Clothing,28,86.96,0.29,1728.76
2023-02,Australia,Home,17,286.97,0.12,4293.07
2023-02,France,Toys,48,170.99,0.27,5991.49
2023-02,France,Clothing,18,422.47,0.17,6311.7
2023-02,India,Clothing,10,933.4,0.26,6907.16
2023-02,France,Electronics,33,779.83,0.14,22131.58
2023-02,Brazil,Electronics,11,598.19,0.11,5856.28
2023-02,Japan,Home,27,573.39,0.02,15171.9
2023-02,India,Home,1,23.54,0.02,23.07
2023-02,Germany,Electronics,5,999.72,0.3,3499.02
2023-02,France,Home,37,728.86,0.23,20765.22
2023-02,UK,Electronics,21,456.04,0.04,9193.77
2023-02,UK,Electronics,13,215.16,0.26,2069.84
2023-02,Australia,Toys,34,364.58,0.03,12023.85
2023-02,USA,Clothing,34,481.45,0.25,12276.97
2023-02,USA,Toys,1,556.39,0.17,461.8
2023-02,Japan,Home,17,142.68,0.01,2401.3
2023-02,Brazil,Electronics,21,642.97,0.24,10261.8
2023-02,Brazil,Clothing,34,357.08,0.18,9955.39
2023-02,Japan,Home,27,100.09,0.22,2107.9
2023-02,India,Clothing,33,785.82,0.12,22820.21
2023-02,Brazil,Clothing,17,950.03,0.04,15504.49
2023-02,Australia,Electronics,10,771.23,0.02,7558.05
2023-02,France,Clothing,6,497.69,0.1,2687.53
2023-02,UK,Home,48,348.15,0.16,14037.41
2023-02,Brazil,Home,16,160.38,0.04,2463.44
2023-02,Australia,Toys,40,699.54,0.12,24623.81
2023-02,Australia,Home,27,670.88,0.05,17208.07
2023-02,USA,Home,19,823.57,0.1,14083.05
2023-02,USA,Electronics,22,97.82,0.04,2065.96
2023-02,India,Toys,26,895.28,0.04,22346.19
2023-02,USA,Electronics,27,48.92,0.24,1003.84
2023-02,India,Clothing,47,516.54,0.05,23063.51
2023-02,Australia,Electronics,17,284.11,0.24,3670.7
2023-02,India,Home,15,541.22,0.28,5845.18
2023-02,Japan,Clothing,28,375.22,0.14,9035.3
2023-02,France,Clothing,14,156.26,0.04,2100.13
2023-02,UK,Home,23,516.56,0.16,9979.94
2023-02,France,Clothing,38,537.29,0.07,18987.83
2023-02,India,Home,37,190.46,0.17,5849.03
2023-02,India,Home,22,334.22,0.04,7058.73
2023-02,India,Electronics,20,479.23,0.11,8530.29
2023-02,India,Electronics,18,96.05,0.16,1452.28
2023-02,USA,Home,8,590.67,0.17,3922.05
2023-02,USA,Electronics,37,369.45,0.19,11072.42
2023-02,USA,Home,45,337.04,0.28,10920.1
2023-02,France,Clothing,21,161.33,0.07,3150.77
2023-02,Germany,Clothing,11,97.01,0.24,811.0
2023-02,Australia,Home,9,89.43,0.16,676.09
2023-02,Australia,Electronics,36,997.28,0.27,26208.52
2023-02,Germany,Toys,11,866.85,0.25,7151.51
2023-02,India,Clothing,38,671.96,0.28,18384.83
2023-02,Brazil,Home,8,481.85,0.25,2891.1
2023-02,France,Clothing,26,330.44,0.13,7474.55
2023-02,India,Toys,49,534.54,0.21,20692.04
2023-02,Japan,Toys,38,585.43,0.05,21134.02
2023-02,Germany,Electronics,43,597.94,0.11,22883.16
2023-02,Australia,Clothing,5,72.74,0.3,254.59
2023-02,France,Toys,2,96.99,0.04,186.22
2023-02,India,Electronics,9,599.68,0.14,4641.52
2023-02,Brazil,Home,30,115.63,0.26,2566.99
2023-02,Germany,Toys,14,933.61,0.3,9149.38
2023-02,USA,Toys,35,75.83,0.22,2070.16
2023-02,Japan,Toys,29,148.37,0.24,3270.07
2023-03,Japan,Toys,30,826.88,0.06,23318.02
2023-03,UK,Home,14,527.83,0.11,6576.76
2023-03,France,Clothing,25,686.15,0.14,14752.23
2023-03,Australia,Clothing,32,468.05,0.09,13629.62
2023-03,Brazil,Home,15,581.71,0.11,7765.83
2023-03,Brazil,Home,2,548.12,0.27,800.26
2023-03,UK,Home,6,940.43,0.19,4570.49
2023-03,Australia,Clothing,15,879.84,0.15,11217.96
2023-03,Japan,Home,27,790.71,0.05,20281.71
2023-03,India,Electronics,37,780.79,0.04,27733.66
2023-03,Germany,Clothing,2,764.83,0.26,1131.95
2023-03,India,Clothing,38,541.12,0.11,18300.68
2023-03,France,Toys,15,799.32,0.04,11510.21
2023-03,Brazil,Toys,12,774.16,0.0,9289.92
2023-03,UK,Home,36,547.3,0.08,18126.58
2023-03,France,Toys,11,959.48,0.1,9498.85
2023-03,Japan,Toys,23,467.39,0.28,7739.98
2023-03,Germany,Clothing,13,147.73,0.03,1862.88
2023-03,India,Home,40,873.4,0.28,25153.92
2023-03,Germany,Toys,4,792.18,0.01,3137.03
2023-03,Brazil,Clothing,49,580.53,0.18,23325.7
2023-03,Japan,Home,29,113.2,0.25,2462.1
2023-03,UK,Home,1,122.11,0.3,85.48
2023-03,Japan,Toys,23,921.63,0.26,15686.14
2023-03,Brazil,Home,40,611.82,0.11,21780.79
2023-03,France,Electronics,10,804.82,0.0,8048.2
2023-03,India,Home,25,864.88,0.28,15567.84
2023-03,Brazil,Clothing,27,740.13,0.14,17185.82
2023-03,UK,Home,44,913.62,0.07,37385.33
2023-03,India,Home,6,43.54,0.09,237.73
2023-03,France,Home,43,635.94,0.0,27345.42
2023-03,France,Electronics,7,975.79,0.14,5874.26
2023-03,Germany,Clothing,22,94.5,0.3,1455.3
2023-03,India,Home,1,316.84,0.12,278.82
2023-03,UK,Home,19,355.89,0.14,5815.24
2023-03,India,Electronics,29,477.35,0.17,11489.81
2023-03,USA,Electronics,14,716.92,0.16,8430.98
2023-03,Japan,Toys,49,406.76,0.17,16542.93
2023-03,Brazil,Toys,1,341.02,0.02,334.2
2023-03,UK,Toys,10,278.04,0.19,2252.12
2023-03,Germany,Electronics,23,979.14,0.25,16890.17
2023-03,Brazil,Electronics,8,36.83,0.07,274.02
2023-03,Australia,Home,8,113.07,0.24,687.47
2023-03,UK,Home,33,561.15,0.22,14444.0
2023-03,UK,Toys,24,725.04,0.26,12876.71
2023-03,UK,Toys,4,944.97,0.04,3628.68
2023-03,Japan,Home,48,96.06,0.19,3734.81
2023-03,India,Home,21,36.27,0.05,723.59
2023-03,Germany,Electronics,18,893.74,0.25,12065.49
2023-03,Germany,Home,42,826.86,0.11,30908.03
2023-03,Brazil,Toys,20,627.91,0.12,11051.22
2023-03,Japan,Electronics,34,862.46,0.07,27270.99
2023-03,USA,Clothing,44,148.71,0.26,4842.0
2023-03,Australia,Home,46,476.35,0.05,20816.5
2023-03,USA,Home,17,275.99,0.16,3941.14
2023-03,France,Electronics,39,225.84,0.19,7134.29
2023-03,Japan,Toys,26,530.43,0.05,13101.62
2023-03,Brazil,Electronics,11,824.36,0.16,7617.09
2023-03,USA,Toys,41,281.31,0.17,9572.98
2023-03,India,Clothing,12,214.36,0.0,2572.32
2023-03,France,Home,31,875.15,0.18,22246.31
2023-03,Germany,Electronics,7,577.56,0.25,3032.19
2023-03,France,Toys,46,56.5,0.05,2469.05
2023-03,UK,Electronics,36,773.28,0.02,27281.32
2023-03,UK,Toys,11,362.12,0.22,3106.99
2023-03,Brazil,Toys,35,949.81,0.12,29254.15
2023-03,Australia,Clothing,22,735.25,0.06,15204.97
2023-03,Germany,Home,20,170.39,0.25,2555.85
2023-03,India,Clothing,45,163.13,0.19,5946.09
2023-03,USA,Electronics,9,84.39,0.22,592.42
2023-03,India,Electronics,43,602.3,0.14,22273.05
2023-03,UK,Home,37,12.32,0.29,323.65
2023-03,Japan,Clothing,12,367.36,0.03,4276.07
2023-03,UK,Electronics,17,950.73,0.13,14061.3
2023-03,Brazil,Toys,16,874.22,0.22,10910.27
2023-03,France,Electronics,23,726.86,0.19,13541.4
2023-03,Australia,Electronics,18,494.53,0.07,8278.43
2023-03,USA,Electronics,45,673.22,0.01,29991.95
2023-03,Australia,Home,17,188.77,0.17,2663.54
2023-03,USA,Home,14,129.32,0.22,1412.17
2023-03,UK,Toys,8,971.35,0.28,5594.98
2023-03,USA,Home,30,64.33,0.14,1659.71
2023-03,UK,Clothing,39,46.64,0.18,1491.55
2023-03,UK,Toys,45,86.18,0.21,3063.7
2023-03,Australia,Clothing,23,74.7,0.09,1563.47
2023-03,India,Toys,29,665.04,0.22,15043.2
2023-03,India,Toys,45,619.7,0.07,25934.45
2023-03,Brazil,Home,42,990.44,0.0,41598.48
2023-03,France,Electronics,18,939.68,0.24,12854.82
2023-03,Brazil,Clothing,29,769.52,0.12,19638.15
2023-03,France,Toys,16,874.94,0.3,9799.33
2023-03,USA,Clothing,25,343.01,0.16,7203.21
2023-03,India,Clothing,49,119.37,0.11,5205.73
2023-03,Japan,Clothing,4,718.4,0.18,2356.35
2023-03,Australia,Electronics,46,54.65,0.03,2438.48
2023-03,India,Toys,4,226.07,0.28,651.08
2023-03,France,Electronics,43,592.67,0.29,18094.22
2023-03,Brazil,Clothing,24,472.73,0.18,9303.33
2023-03,India,Home,4,239.35,0.28,689.33
2023-03,Brazil,Clothing,45,129.14,0.01,5753.19
2023-04,India,Clothing,41,194.57,0.23,6142.57
2023-04,Japan,Electronics,5,633.48,0.06,2977.36
2023-04,India,Home,20,994.96,0.05,18904.24
2023-04,USA,Home,18,699.06,0.05,11953.93
2023-04,Australia,Home,38,626.71,0.22,18575.68
2023-04,India,Electronics,4,584.29,0.03,2267.05
2023-04,India,Toys,3,280.23,0.14,722.99
2023-04,UK,Electronics,34,863.51,0.24,22313.1
2023-04,Australia,Electronics,5,737.86,0.08,3394.16
2023-04,Germany,Home,38,267.16,0.22,7918.62
2023-04,USA,Clothing,6,962.5,0.03,5601.75
2023-04,Germany,Electronics,13,852.69,0.15,9422.22
2023-04,Australia,Clothing,29,907.45,0.17,21842.32
2023-04,Australia,Clothing,40,570.07,0.08,20978.58
2023-04,Japan,Toys,19,869.48,0.07,15363.71
2023-04,UK,Home,48,711.28,0.25,25606.08
2023-04,India,Electronics,42,114.78,0.21,3808.4
2023-04,Germany,Home,5,882.06,0.26,3263.62
2023-04,UK,Home,23,15.09,0.25,260.3
2023-04,France,Clothing,39,169.15,0.25,4947.64
2023-04,Japan,Electronics,29,266.1,0.06,7253.89
2023-04,France,Clothing,27,981.37,0.19,21462.56
2023-04,Brazil,Clothing,24,820.49,0.04,18904.09
2023-04,UK,Clothing,7,545.85,0.29,2712.87
2023-04,Brazil,Toys,15,932.71,0.03,13570.93
2023-04,Germany,Toys,32,773.15,0.28,17813.38
2023-04,Australia,Electronics,12,76.68,0.17,763.73
2023-04,India,Clothing,26,83.95,0.26,1615.2
2023-04,Japan,Toys,47,969.19,0.22,35530.51
2023-04,UK,Toys,12,34.34,0.01,407.96
2023-04,Japan,Home,15,820.6,0.08,11324.28
2023-04,Brazil,Clothing,34,280.89,0.3,6685.18
2023-04,India,Home,13,855.67,0.16,9343.92
2023-04,France,Electronics,11,228.56,0.02,2463.88
2023-04,Japan,Toys,22,140.02,0.26,2279.53
2023-04,Japan,Toys,28,733.96,0.27,15002.14
2023-04,France,Home,20,403.62,0.08,7426.61
2023-04,UK,Home,1,327.54,0.22,255.48
2023-04,USA,Electronics,35,40.82,0.2,1142.96
2023-04,Germany,Clothing,15,476.82,0.16,6007.93
2023-04,Germany,Clothing,25,869.94,0.23,16746.35
2023-04,Brazil,Home,46,535.05,0.01,24366.18
2023-04,France,Toys,44,42.2,0.28,1336.9
2023-04,UK,Toys,46,467.48,0.0,21504.08
2023-04,Brazil,Electronics,44,255.06,0.17,9314.79
2023-04,Australia,Electronics,22,586.15,0.08,11863.68
2023-04,Australia,Toys,11,984.51,0.04,10396.43
2023-04,France,Clothing,30,398.57,0.14,10283.11
2023-04,Brazil,Clothing,32,660.41,0.23,16272.5
2023-04,Germany,Clothing,41,49.22,0.14,1735.5
2023-04,Australia,Electronics,17,111.76,0.17,1576.93
2023-04,Brazil,Toys,22,218.25,0.1,4321.35
2023-04,Australia,Toys,33,522.53,0.03,16726.19
2023-04,France,Clothing,33,826.27,0.11,24267.55
2023-04,Brazil,Clothing,38,571.87,0.21,17167.54
2023-04,USA,Home,34,50.77,0.2,1380.94
2023-04,Australia,Home,3,897.26,0.18,2207.26
2023-04,India,Home,31,545.88,0.21,13368.6
2023-04,Australia,Toys,28,803.71,0.1,20253.49
2023-04,UK,Home,7,664.21,0.17,3859.06
2023-04,Japan,Clothing,22,457.8,0.19,8158.0
2023-04,India,Toys,42,444.22,0.22,14552.65
2023-04,Germany,Home,12,167.95,0.26,1491.4
2023-04,USA,Home,46,343.53,0.05,15012.26
2023-04,Brazil,Electronics,32,503.21,0.17,13365.26
2023-04,USA,Home,22,338.99,0.16,6264.54
2023-04,UK,Home,28,207.55,0.2,4649.12
2023-04,France,Clothing,15,265.11,0.14,3419.92
2023-04,Japan,Electronics,31,421.75,0.25,9805.69
2023-04,France,Toys,28,377.33,0.3,7395.67
2023-04,Australia,Clothing,49,518.86,0.18,20847.79
2023-04,USA,Electronics,34,491.8,0.26,12373.69
2023-04,USA,Toys,6,658.46,0.3,2765.53
2023-04,USA,Clothing,12,390.01,0.14,4024.9
2023-04,France,Home,33,140.25,0.21,3656.32
2023-04,Australia,Clothing,23,636.22,0.11,13023.42
2023-04,USA,Home,37,855.84,0.15,26916.17
2023-04,Japan,Clothing,47,596.99,0.17,23288.58
2023-04,Germany,Clothing,39,171.89,0.12,5899.26
2023-04,India,Toys,2,859.41,0.0,1718.82
2023-04,India,Toys,12,139.56,0.29,1189.05
2023-04,Brazil,Home,11,884.87,0.13,8468.21
2023-04,Australia,Clothing,29,343.63,0.25,7473.95
2023-04,India,Electronics,20,592.01,0.28,8524.94
2023-04,India,Toys,20,385.57,0.18,6323.35
2023-04,Brazil,Electronics,12,479.88,0.25,4318.92
2023-04,Germany,Toys,28,865.57,0.17,20115.85
2023-04,UK,Electronics,20,277.05,0.02,5430.18
2023-04,Brazil,Electronics,20,61.18,0.19,991.12
2023-04,UK,Clothing,37,934.54,0.09,31465.96
2023-04,India,Home,14,691.33,0.12,8517.19
2023-04,USA,Toys,43,27.21,0.1,1053.03
2023-04,France,Electronics,39,460.19,0.15,15255.3
2023-04,USA,Home,44,536.92,0.04,22679.5
2023-04,Japan,Electronics,16,940.42,0.22,11736.44
2023-04,Australia,Clothing,21,102.96,0.2,1729.73
2023-04,Australia,Clothing,5,963.71,0.08,4433.07
2023-04,India,Home,26,380.55,0.01,9795.36
2023-04,USA,Electronics,26,870.22,0.17,18779.35
2023-04,Germany,Home,8,797.56,0.28,4593.95
2023-05,India,Home,31,662.3,0.12,18067.54
2023-05,France,Electronics,26,355.09,0.05,8770.72
2023-05,Australia,Clothing,9,867.77,0.3,5466.95
2023-05,France,Electronics,13,295.8,0.03,3730.04
2023-05,USA,Electronics,38,333.76,0.2,10146.3
2023-05,Japan,Clothing,18,879.11,0.1,14241.58
2023-05,France,Home,1,129.01,0.16,108.37
2023-05,India,Electronics,15,633.91,0.18,7797.09
2023-05,Brazil,Electronics,19,394.67,0.13,6523.9
2023-05,India,Toys,49,449.98,0.0,22049.02
2023-05,UK,Home,8,671.53,0.19,4351.51
2023-05,Japan,Electronics,3,546.94,0.29,1164.98
2023-05,USA,Clothing,28,35.39,0.1,891.83
2023-05,Germany,Electronics,34,531.36,0.07,16801.6
2023-05,Germany,Home,43,767.23,0.24,25073.08
2023-05,USA,Toys,43,28.05,0.06,1133.78
2023-05,Brazil,Toys,47,80.57,0.29,2688.62
2023-05,Germany,Home,15,205.18,0.14,2646.82
2023-05,UK,Clothing,14,491.01,0.08,6324.21
2023-05,Germany,Clothing,27,930.31,0.16,21099.43
2023-05,Australia,Toys,42,614.23,0.21,20380.15
2023-05,India,Electronics,4,824.94,0.16,2771.8
2023-05,Brazil,Home,44,189.62,0.16,7008.36
2023-05,Brazil,Home,49,571.64,0.08,25769.53
2023-05,Germany,Toys,4,96.17,0.24,292.36
2023-05,Germany,Toys,45,636.82,0.29,20346.4
2023-05,Brazil,Clothing,21,885.36,0.07,17291.08
2023-05,India,Home,10,183.03,0.11,1628.97
2023-05,USA,Toys,24,359.89,0.07,8032.74
2023-05,France,Toys,24,824.39,0.13,17213.26
2023-05,USA,Electronics,18,768.99,0.04,13288.15
2023-05,Brazil,Clothing,5,176.33,0.22,687.69
2023-05,USA,Electronics,21,104.76,0.01,2177.96
2023-05,Brazil,Home,28,214.12,0.19,4856.24
2023-05,India,Clothing,13,598.53,0.15,6613.76
2023-05,USA,Toys,35,601.08,0.2,16830.24
2023-05,USA,Clothing,39,727.27,0.0,28363.53
2023-05,Australia,Toys,46,113.07,0.22,4056.95
2023-05,USA,Toys,39,774.9,0.08,27803.41
2023-05,France,Electronics,36,199.95,0.1,6478.38
2023-05,UK,Clothing,41,620.98,0.13,22150.36
2023-05,Germany,Clothing,5,79.23,0.19,320.88
2023-05,Australia,Clothing,8,654.37,0.16,4397.37
2023-05,France,Clothing,3,198.42,0.02,583.35
2023-05,Germany,Clothing,38,562.21,0.22,16663.9
2023-05,Japan,Toys,8,584.67,0.03,4537.04
2023-05,France,Electronics,29,693.1,0.06,18893.91
2023-05,Australia,Clothing,30,455.87,0.23,10530.6
2023-05,India,Toys,12,981.42,0.14,10128.25
2023-05,Japan,Electronics,23,405.32,0.05,8856.24
2023-05,France,Toys,40,770.91,0.07,28677.85
2023-05,Japan,Electronics,20,627.35,0.03,12170.59
2023-05,Brazil,Toys,33,612.4,0.15,17177.82
2023-05,Germany,Clothing,14,126.47,0.07,1646.64
2023-05,France,Clothing,41,96.77,0.28,2856.65
2023-05,India,Electronics,11,827.03,0.08,8369.54
2023-05,USA,Toys,18,520.52,0.28,6745.94
2023-05,UK,Home,22,570.91,0.12,11052.82
2023-05,Germany,Home,49,125.2,0.25,4601.1
2023-05,UK,Clothing,24,537.16,0.22,10055.64
2023-05,UK,Toys,7,311.63,0.02,2137.78
2023-05,France,Home,2,162.25,0.07,301.78
2023-05,Japan,Toys,18,644.56,0.25,8701.56
2023-05,India,Electronics,33,923.53,0.15,25905.02
2023-05,Japan,Toys,46,183.09,0.15,7158.82
2023-05,India,Clothing,25,669.64,0.04,16071.36
2023-05,France,Clothing,4,143.81,0.29,408.42
2023-05,Germany,Toys,32,130.81,0.18,3432.45
2023-05,Brazil,Clothing,20,445.12,0.03,8635.33
2023-05,Japan,Toys,29,27.51,0.18,654.19
2023-05,Brazil,Home,31,70.74,0.23,1688.56
2023-05,USA,Electronics,2,489.76,0.23,754.23
2023-05,Brazil,Toys,15,983.84,0.07,13724.57
2023-05,UK,Electronics,9,784.87,0.08,6498.72
2023-05,Brazil,Toys,16,71.67,0.15,974.71
2023-05,Brazil,Toys,17,240.32,0.07,3799.46
2023-05,France,Toys,36,531.77,0.13,16655.04
2023-05,Brazil,Electronics,35,374.08,0.12,11521.66
2023-05,Japan,Home,37,393.21,0.29,10329.63
2023-05,Brazil,Clothing,27,424.39,0.24,8708.48
2023-05,France,Clothing,23,145.74,0.16,2815.7
2023-05,India,Electronics,21,835.96,0.19,14219.68
2023-05,France,Clothing,37,959.98,0.15,30191.37
2023-05,UK,Electronics,11,459.83,0.25,3793.6
2023-05,Brazil,Electronics,26,135.93,0.26,2615.29
2023-05,Australia,Toys,18,481.26,0.11,7709.79
2023-05,Germany,Electronics,38,398.47,0.29,10750.72
2023-05,India,Electronics,17,662.11,0.28,8104.23
2023-05,USA,Toys,48,262.12,0.25,9436.32
2023-05,USA,Toys,40,466.86,0.19,15126.26
2023-05,USA,Toys,22,640.3,0.18,11551.01
2023-05,Germany,Home,24,883.63,0.03,20570.91
2023-05,Germany,Electronics,23,683.43,0.01,15561.7
2023-05,India,Home,43,662.45,0.24,21648.87
2023-05,UK,Toys,17,956.94,0.22,12689.02
2023-05,USA,Home,46,991.67,0.29,32387.94
2023-05,UK,Home,28,361.29,0.12,8902.19
2023-05,France,Clothing,32,78.03,0.13,2172.36
2023-05,Brazil,Toys,48,968.18,0.09,42290.1
2023-05,Australia,Toys,25,976.23,0.2,19524.6
2023-06,UK,Electronics,36,618.86,0.23,17154.8
2023-06,India,Electronics,10,800.73,0.09,7286.64
2023-06,Australia,Clothing,13,586.6,0.22,5948.12
2023-06,Australia,Toys,34,136.81,0.1,4186.39
2023-06,Australia,Clothing,9,378.45,0.13,2963.26
2023-06,Germany,Clothing,25,172.05,0.08,3957.15
2023-06,Germany,Electronics,44,205.5,0.27,6600.66
2023-06,Australia,Electronics,35,674.74,0.1,21254.31
2023-06,Brazil,Electronics,12,919.74,0.08,10153.93
2023-06,France,Clothing,21,978.61,0.22,16029.63
2023-06,Japan,Home,23,659.6,0.05,14412.26
2023-06,Japan,Clothing,43,276.64,0.16,9992.24
2023-06,France,Clothing,2,140.41,0.22,219.04
2023-06,UK,Clothing,31,493.51,0.05,14533.87
2023-06,Germany,Electronics,22,546.81,0.18,9864.45
2023-06,Australia,Home,19,160.05,0.03,2949.72
2023-06,Germany,Home,25,763.51,0.05,18133.36
2023-06,USA,Clothing,16,813.63,0.22,10154.1
2023-06,UK,Electronics,4,108.19,0.12,380.83
2023-06,USA,Clothing,43,317.82,0.22,10659.68
2023-06,Japan,Home,27,196.14,0.11,4713.24
2023-06,France,Electronics,36,15.18,0.23,420.79
2023-06,Japan,Toys,17,20.92,0.22,277.4
2023-06,France,Electronics,20,333.66,0.04,6406.27
2023-06,Brazil,Clothing,19,996.37,0.11,16848.62
2023-06,France,Toys,20,782.6,0.07,14556.36
2023-06,USA,Electronics,38,418.5,0.21,12563.37
2023-06,France,Clothing,38,175.22,0.05,6325.44
2023-06,France,Toys,17,592.32,0.14,8659.72
2023-06,Japan,Home,24,113.1,0.07,2524.39
2023-06,Germany,Toys,24,679.7,0.24,12397.73
2023-06,Brazil,Toys,19,503.27,0.02,9370.89
2023-06,Japan,Toys,45,748.47,0.29,23913.62
2023-06,France,Home,36,522.1,0.13,16352.17
2023-06,Germany,Clothing,49,439.68,0.03,20897.99
2023-06,Germany,Electronics,28,738.31,0.3,14470.88
2023-06,Germany,Clothing,45,181.75,0.19,6624.79
2023-06,Germany,Toys,47,127.15,0.12,5258.92
2023-06,Japan,Toys,11,742.59,0.29,5799.63
2023-06,France,Electronics,10,341.17,0.01,3377.58
2023-06,India,Clothing,45,700.69,0.28,22702.36
2023-06,UK,Electronics,19,266.7,0.13,4408.55
2023-06,UK,Electronics,29,467.12,0.14,11649.97
2023-06,France,Clothing,5,708.96,0.19,2871.29
2023-06,Japan,Home,39,501.5,0.13,17015.9
2023-06,India,Toys,6,66.71,0.07,372.24
2023-06,Germany,Toys,31,923.4,0.14,24617.84
2023-06,France,Clothing,24,66.48,0.08,1467.88
2023-06,Germany,Home,35,282.86,0.24,7524.08
2023-06,USA,Toys,16,761.8,0.13,10604.26
2023-06,France,Clothing,44,164.82,0.26,5366.54
2023-06,UK,Toys,18,907.37,0.04,15679.35
2023-06,Germany,Clothing,33,774.14,0.03,24780.22
2023-06,Brazil,Clothing,32,667.15,0.29,15157.65
2023-06,Brazil,Toys,7,399.51,0.25,2097.43
2023-06,Australia,Toys,14,733.51,0.29,7291.09
2023-06,USA,Electronics,3,727.9,0.06,2052.68
2023-06,India,Home,25,947.57,0.29,16819.37
2023-06,France,Electronics,33,159.73,0.07,4902.11
2023-06,USA,Electronics,7,686.92,0.16,4039.09
2023-06,Australia,Electronics,34,409.94,0.16,11707.89
2023-06,Brazil,Clothing,49,548.1,0.02,26319.76
2023-06,Japan,Clothing,1,434.34,0.04,416.97
2023-06,Japan,Toys,2,106.59,0.26,157.75
2023-06,UK,Electronics,39,549.98,0.02,21020.24
2023-06,Australia,Clothing,10,978.28,0.24,7434.93
2023-06,India,Toys,32,266.03,0.05,8087.31
2023-06,Brazil,Toys,46,756.57,0.01,34454.2
2023-06,Australia,Electronics,15,880.79,0.26,9776.77
2023-06,UK,Electronics,41,564.58,0.23,17823.79
2023-06,India,Home,2,74.55,0.14,128.23
2023-06,Australia,Toys,33,396.82,0.24,9952.25
2023-06,Brazil,Toys,23,823.88,0.11,16864.82
2023-06,UK,Electronics,11,211.73,0.16,1956.39
2023-06,Australia,Toys,28,759.91,0.08,19575.28
2023-06,Australia,Home,9,402.01,0.27,2641.21
2023-06,Australia,Clothing,42,453.13,0.17,15796.11
2023-06,USA,Home,16,858.61,0.27,10028.56
2023-06,USA,Home,40,511.98,0.18,16792.94
2023-06,Brazil,Toys,8,895.05,0.2,5728.32
2023-06,UK,Electronics,4,800.61,0.29,2273.73
2023-06,UK,Toys,9,805.57,0.15,6162.61
2023-06,Australia,Electronics,45,984.27,0.2,35433.72
2023-06,France,Clothing,4,997.11,0.29,2831.79
2023-06,UK,Home,27,689.99,0.03,18070.84
2023-06,Germany,Electronics,20,891.36,0.02,17470.66
2023-06,France,Home,28,859.6,0.25,18051.6
2023-06,USA,Clothing,19,761.99,0.3,10134.47
2023-06,USA,Home,44,464.67,0.11,18196.48
2023-06,USA,Clothing,3,881.02,0.16,2220.17
2023-06,Australia,Electronics,28,827.72,0.03,22480.88
2023-06,France,Home,34,354.46,0.14,10364.41
2023-06,USA,Home,23,624.72,0.11,12788.02
2023-06,France,Toys,11,845.3,0.08,8554.44
2023-06,India,Toys,16,115.28,0.09,1678.48
2023-06,Australia,Toys,47,183.13,0.26,6369.26
2023-06,Germany,Electronics,8,81.94,0.02,642.41
2023-06,UK,Toys,25,223.37,0.11,4969.98
2023-06,France,Home,46,761.66,0.27,25576.54
2023-06,India,Home,9,790.56,0.2,5692.03
2023-07,USA,Home,33,875.48,0.0,28890.84
2023-07,UK,Home,34,452.58,0.14,13233.44
2023-07,Germany,Electronics,8,137.56,0.12,968.42
2023-07,Brazil,Clothing,20,27.82,0.13,484.07
2023-07,Japan,Clothing,38,287.24,0.26,8077.19
2023-07,UK,Clothing,3,756.42,0.24,1724.64
2023-07,Germany,Electronics,7,625.13,0.17,3632.01
2023-07,Germany,Home,19,874.03,0.03,16108.37
2023-07,Japan,Electronics,36,105.57,0.07,3534.48
2023-07,Australia,Electronics,25,826.29,0.02,20244.1
2023-07,India,Home,14,745.76,0.01,10336.23
2023-07,Germany,Toys,8,878.49,0.1,6325.13
2023-07,Japan,Electronics,16,247.12,0.24,3004.98
2023-07,Japan,Toys,35,275.1,0.24,7317.66
2023-07,France,Home,21,73.0,0.25,1149.75
2023-07,UK,Toys,33,740.19,0.16,20518.07
2023-07,India,Toys,35,830.99,0.26,21522.64
2023-07,India,Toys,45,697.51,0.02,30760.19
2023-07,Japan,Toys,46,776.14,0.18,29276.0
2023-07,USA,Toys,29,178.88,0.28,3735.01
2023-07,Japan,Toys,29,643.21,0.2,14922.47
2023-07,Germany,Toys,4,390.67,0.15,1328.28
2023-07,Japan,Toys,2,278.85,0.14,479.62
2023-07,India,Electronics,8,637.76,0.02,5000.04
2023-07,India,Clothing,17,49.37,0.18,688.22
2023-07,UK,Toys,19,284.05,0.29,3831.83
2023-07,France,Electronics,49,626.29,0.14,26391.86
2023-07,Australia,Electronics,20,214.92,0.15,3653.64
2023-07,Japan,Electronics,46,59.0,0.25,2035.5
2023-07,Germany,Toys,33,345.47,0.24,8664.39
2023-07,India,Toys,42,300.55,0.28,9088.63
2023-07,India,Toys,37,291.72,0.25,8095.23
2023-07,France,Home,39,579.03,0.01,22356.35
2023-07,Australia,Home,46,992.89,0.04,43846.02
2023-07,Japan,Electronics,1,395.97,0.22,308.86
2023-07,Australia,Toys,45,611.83,0.09,25054.44
2023-07,France,Clothing,39,954.49,0.22,29035.59
2023-07,India,Home,46,60.62,0.08,2565.44
2023-07,Brazil,Electronics,47,872.88,0.08,37743.33
2023-07,Germany,Clothing,33,461.67,0.11,13559.25
2023-07,UK,Home,28,554.09,0.27,11325.6
2023-07,Germany,Clothing,15,752.35,0.12,9931.02
2023-07,France,Electronics,10,368.3,0.18,3020.06
2023-07,USA,Clothing,18,147.48,0.03,2575.0
2023-07,Brazil,Toys,3,726.73,0.04,2092.98
2023-07,USA,Electronics,38,830.73,0.3,22097.42
2023-07,USA,Electronics,41,427.81,0.09,15961.59
2023-07,India,Home,45,405.38,0.27,13316.73
2023-07,Japan,Electronics,31,471.94,0.25,10972.6
2023-07,Japan,Toys,21,695.57,0.13,12708.06
2023-07,UK,Electronics,9,313.25,0.24,2142.63
2023-07,Germany,Toys,34,390.4,0.14,11415.3
2023-07,Germany,Home,41,436.68,0.1,16113.49
2023-07,Australia,Toys,36,399.04,0.16,12066.97
2023-07,USA,Toys,28,436.22,0.04,11725.59
2023-07,Australia,Electronics,1,947.18,0.1,852.46
2023-07,USA,Toys,18,640.53,0.1,10376.59
2023-07,Brazil,Home,11,318.11,0.2,2799.37
2023-07,France,Toys,34,843.31,0.17,23798.21
2023-07,Japan,Electronics,31,691.39,0.04,20575.77
2023-07,France,Clothing,24,510.4,0.29,8697.22
2023-07,Germany,Clothing,27,216.78,0.28,4214.2
2023-07,UK,Clothing,6,758.65,0.14,3914.63
2023-07,Japan,Clothing,37,837.13,0.11,27566.69
2023-07,Germany,Electronics,35,889.52,0.18,25529.22
2023-07,Germany,Electronics,49,97.32,0.18,3910.32
2023-07,Japan,Toys,17,391.66,0.1,5992.4
2023-07,Germany,Electronics,37,483.1,0.16,15014.75
2023-07,France,Clothing,23,446.04,0.09,9335.62
2023-07,Australia,Electronics,49,512.37,0.2,20084.9
2023-07,France,Toys,11,562.13,0.1,5565.09
2023-07,Germany,Home,24,999.72,0.05,22793.62
2023-07,USA,Home,36,407.76,0.3,10275.55
2023-07,Germany,Clothing,40,332.56,0.24,10109.82
2023-07,UK,Electronics,39,401.19,0.01,15489.95
2023-07,India,Electronics,36,907.87,0.04,31375.99
2023-07,UK,Electronics,34,724.92,0.16,20703.72
2023-07,Germany,Clothing,21,748.4,0.16,13201.78
2023-07,France,Electronics,20,472.11,0.01,9347.78
2023-07,Japan,Electronics,19,517.77,0.03,9542.5
2023-07,Germany,Toys,6,592.84,0.11,3165.77
2023-07,Japan,Home,33,567.08,0.13,16280.87
2023-07,UK,Home,17,866.92,0.29,10463.72
2023-07,USA,Toys,47,766.88,0.17,29915.99
2023-07,France,Home,48,996.16,0.02,46859.37
2023-07,France,Electronics,17,848.5,0.27,10529.89
2023-07,UK,Home,38,263.49,0.01,9912.49
2023-07,Brazil,Clothing,31,736.69,0.23,17584.79
2023-07,Japan,Electronics,22,725.48,0.21,12608.84
2023-07,USA,Toys,21,365.13,0.24,5827.47
2023-07,Australia,Home,30,957.87,0.0,28736.1
2023-07,UK,Clothing,8,994.7,0.03,7718.87
2023-07,Japan,Home,3,740.49,0.25,1666.1
2023-07,India,Home,37,15.61,0.28,415.85
2023-07,Germany,Toys,9,768.45,0.25,5187.04
2023-07,USA,Home,40,405.11,0.22,12639.43
2023-07,Japan,Toys,4,413.04,0.02,1619.12
2023-07,UK,Toys,3,635.77,0.17,1583.07
2023-07,Australia,Clothing,45,955.56,0.16,36120.17
2023-07,Australia,Clothing,40,121.8,0.25,3654.0
2023-08,Germany,Toys,38,59.72,0.02,2223.97
2023-08,France,Toys,47,219.0,0.26,7616.82
2023-08,UK,Toys,23,929.94,0.12,18821.99
2023-08,UK,Clothing,29,587.42,0.25,12776.39
2023-08,India,Electronics,30,979.19,0.18,24088.07
2023-08,France,Home,25,131.69,0.27,2403.34
2023-08,Brazil,Toys,10,590.01,0.19,4779.08
2023-08,Germany,Toys,32,531.02,0.14,14613.67
2023-08,Japan,Toys,24,297.07,0.17,5917.63
2023-08,Germany,Electronics,23,723.45,0.12,14642.63
2023-08,Brazil,Clothing,34,142.49,0.19,3924.17
2023-08,UK,Electronics,12,408.42,0.03,4754.01
2023-08,India,Clothing,29,56.38,0.08,1504.22
2023-08,Japan,Electronics,23,587.43,0.14,11619.37
2023-08,Japan,Electronics,44,743.5,0.09,29769.74
2023-08,UK,Electronics,1,138.63,0.17,115.06
2023-08,USA,Toys,4,791.04,0.27,2309.84
2023-08,France,Home,49,383.54,0.28,13531.29
2023-08,UK,Electronics,17,690.15,0.15,9972.67
2023-08,India,Toys,27,845.81,0.2,18269.5
2023-08,Brazil,Home,21,715.92,0.2,12027.46
2023-08,India,Toys,44,138.3,0.2,4868.16
2023-08,India,Clothing,9,114.31,0.23,792.17
2023-08,Germany,Electronics,42,113.76,0.15,4061.23
2023-08,Brazil,Toys,41,481.21,0.03,19137.72
2023-08,Australia,Clothing,35,376.12,0.02,12900.92
2023-08,India,Electronics,18,556.55,0.12,8815.75
2023-08,USA,Toys,9,660.78,0.14,5114.44
2023-08,Australia,Clothing,33,798.28,0.23,20284.29
2023-08,France,Clothing,9,145.23,0.2,1045.66
2023-08,USA,Home,28,974.85,0.02,26749.88
2023-08,Germany,Toys,1,891.31,0.09,811.09
2023-08,UK,Electronics,49,120.4,0.15,5014.66
2023-08,Germany,Home,10,24.55,0.11,218.5
2023-08,Australia,Clothing,22,712.29,0.28,11282.67
2023-08,UK,Electronics,3,410.25,0.16,1033.83
2023-08,Japan,Toys,24,727.61,0.26,12922.35
2023-08,USA,Toys,26,680.77,0.09,16107.02
2023-08,Germany,Toys,47,227.61,0.04,10269.76
2023-08,Germany,Home,42,772.46,0.24,24656.92
2023-08,USA,Electronics,6,441.15,0.1,2382.21
2023-08,India,Electronics,7,354.61,0.11,2209.22
2023-08,Australia,Toys,43,666.38,0.16,24069.65
2023-08,Germany,Home,9,551.49,0.25,3722.56
2023-08,Brazil,Electronics,8,215.02,0.05,1634.15
2023-08,Australia,Home,29,235.95,0.07,6363.57
2023-08,Germany,Electronics,15,69.12,0.2,829.44
2023-08,Germany,Clothing,40,943.3,0.24,28676.32
2023-08,Australia,Toys,11,963.14,0.02,10382.65
2023-08,India,Electronics,26,203.87,0.04,5088.6
2023-08,USA,Electronics,10,322.0,0.08,2962.4
2023-08,France,Electronics,8,639.6,0.12,4502.78
2023-08,Germany,Home,43,811.76,0.28,25132.09
2023-08,Japan,Toys,47,70.02,0.21,2599.84
2023-08,USA,Electronics,5,502.34,0.07,2335.88
2023-08,Australia,Clothing,33,958.35,0.16,26565.46
2023-08,Brazil,Toys,21,962.69,0.19,16375.36
2023-08,Japan,Clothing,18,551.39,0.05,9428.77
2023-08,Brazil,Clothing,3,174.09,0.13,454.37
2023-08,Germany,Electronics,43,677.61,0.04,27971.74
2023-08,UK,Electronics,11,397.94,0.2,3501.87
2023-08,India,Toys,4,951.92,0.3,2665.38
2023-08,Australia,Home,26,527.31,0.07,12750.36
2023-08,France,Electronics,18,597.63,0.02,10542.19
2023-08,Japan,Clothing,26,24.05,0.25,468.98
2023-08,France,Home,34,701.33,0.12,20983.79
2023-08,Australia,Clothing,34,759.74,0.05,24539.6
2023-08,Australia,Clothing,32,316.9,0.07,9430.94
2023-08,UK,Home,17,171.07,0.17,2413.8
2023-08,Japan,Electronics,22,607.03,0.25,10015.99
2023-08,Germany,Electronics,28,926.93,0.07,24137.26
2023-08,UK,Electronics,24,810.0,0.05,18468.0
2023-08,Brazil,Toys,48,104.45,0.13,4361.83
2023-08,India,Electronics,3,895.7,0.0,2687.1
2023-08,Germany,Electronics,27,955.3,0.15,21924.13
2023-08,India,Electronics,7,378.01,0.12,2328.54
2023-08,France,Clothing,35,67.13,0.13,2044.11
2023-08,USA,Clothing,17,789.67,0.08,12350.44
2023-08,Germany,Electronics,27,421.45,0.25,8534.36
2023-08,India,Clothing,26,919.06,0.03,23178.69
2023-08,USA,Home,11,754.25,0.07,7715.98
2023-08,India,Electronics,22,868.1,0.08,17570.34
2023-08,France,Toys,5,721.97,0.17,2996.18
2023-08,France,Home,12,761.19,0.08,8403.54
2023-08,Germany,Home,47,904.72,0.25,31891.38
2023-08,France,Electronics,14,782.56,0.14,9422.02
2023-08,Brazil,Clothing,45,595.22,0.06,25177.81
2023-08,UK,Toys,39,42.48,0.19,1341.94
2023-08,UK,Toys,15,880.7,0.14,11361.03
2023-08,Brazil,Toys,27,837.47,0.1,20350.52
2023-08,USA,Electronics,24,359.08,0.25,6463.44
2023-08,USA,Electronics,49,543.7,0.08,24510.0
2023-08,Brazil,Electronics,5,397.91,0.16,1671.22
2023-08,India,Electronics,6,64.09,0.29,273.02
2023-08,Brazil,Home,38,19.99,0.13,660.87
2023-08,Australia,Home,22,732.05,0.29,11434.62
2023-08,Japan,Home,36,744.48,0.25,20100.96
2023-08,Brazil,Clothing,30,332.04,0.21,7869.35
2023-08,UK,Home,14,134.1,0.1,1689.66
2023-08,Brazil,Clothing,36,985.01,0.23,27304.48
2023-09,France,Clothing,21,158.11,0.11,2955.08
2023-09,Brazil,Home,42,712.23,0.05,28417.98
2023-09,Brazil,Clothing,9,276.16,0.19,2013.21
2023-09,Japan,Electronics,17,605.54,0.09,9367.7
2023-09,India,Home,21,564.49,0.23,9127.8
2023-09,Brazil,Electronics,36,972.7,0.13,30464.96
2023-09,USA,Toys,15,717.18,0.14,9251.62
2023-09,India,Home,23,133.87,0.26,2278.47
2023-09,India,Electronics,34,809.0,0.06,25855.64
2023-09,France,Clothing,6,668.49,0.05,3810.39
2023-09,India,Home,49,729.79,0.17,29680.56
2023-09,Brazil,Toys,1,318.86,0.14,274.22
2023-09,Germany,Toys,32,737.1,0.12,20756.74
2023-09,UK,Home,35,21.3,0.21,588.95
2023-09,Japan,Clothing,4,563.39,0.15,1915.53
2023-09,Japan,Electronics,33,967.36,0.02,31284.42
2023-09,India,Electronics,27,487.44,0.04,12634.44
2023-09,Australia,Toys,35,952.94,0.07,31018.2
2023-09,UK,Clothing,25,165.7,0.09,3769.68
2023-09,Brazil,Clothing,22,675.98,0.24,11302.39
2023-09,Brazil,Clothing,3,852.17,0.29,1815.12
2023-09,UK,Clothing,16,171.19,0.06,2574.7
2023-09,Germany,Clothing,11,199.51,0.12,1931.26
2023-09,Japan,Electronics,5,735.37,0.12,3235.63
2023-09,Japan,Toys,33,292.9,0.13,8409.16
2023-09,UK,Clothing,5,81.39,0.06,382.53
2023-09,Brazil,Toys,33,645.32,0.2,17036.45
2023-09,Brazil,Home,14,783.19,0.24,8333.14
2023-09,France,Toys,20,285.07,0.08,5245.29
2023-09,USA,Electronics,8,76.83,0.16,516.3
2023-09,India,Clothing,6,552.31,0.29,2352.84
2023-09,India,Electronics,18,707.51,0.13,11079.61
2023-09,UK,Electronics,12,83.3,0.18,819.67
2023-09,USA,Electronics,35,275.85,0.09,8785.82
2023-09,USA,Clothing,22,152.5,0.18,2751.1
2023-09,UK,Electronics,47,951.91,0.09,40713.19
2023-09,Japan,Toys,44,463.44,0.03,19779.62
2023-09,USA,Clothing,34,706.75,0.11,21386.26
2023-09,UK,Clothing,9,709.56,0.18,5236.55
2023-09,India,Home,36,257.03,0.0,9253.08
2023-09,Germany,Electronics,19,114.85,0.05,2073.04
2023-09,Brazil,Home,22,939.67,0.0,20672.74
2023-09,Australia,Clothing,36,704.13,0.2,20278.94
2023-09,Germany,Electronics,49,391.76,0.28,13821.29
2023-09,India,Toys,19,958.01,0.12,16017.93
2023-09,France,Clothing,42,742.01,0.06,29294.55
2023-09,Japan,Electronics,10,18.24,0.13,158.69
2023-09,UK,Toys,21,915.4,0.13,16724.36
2023-09,Brazil,Toys,29,517.6,0.13,13059.05
2023-09,UK,Toys,28,617.16,0.19,13997.19
2023-09,USA,Clothing,20,211.98,0.2,3391.68
2023-09,France,Home,47,741.34,0.0,34842.98
2023-09,Brazil,Electronics,46,278.1,0.07,11897.12
2023-09,Australia,Home,3,223.19,0.18,549.05
2023-09,Australia,Clothing,30,951.98,0.25,21419.55
2023-09,Japan,Home,19,498.57,0.08,8715.0
2023-09,Australia,Clothing,3,620.62,0.22,1452.25
2023-09,Australia,Home,46,298.58,0.23,10575.7
2023-09,India,Electronics,6,801.72,0.1,4329.29
2023-09,Germany,Toys,33,896.39,0.2,23664.7
2023-09,Australia,Home,21,417.23,0.26,6483.75
2023-09,UK,Toys,38,433.33,0.13,14325.89
2023-09,Germany,Home,37,786.15,0.13,25306.17
2023-09,Brazil,Clothing,11,602.86,0.06,6233.57
2023-09,Japan,Toys,7,65.61,0.15,390.38
2023-09,Germany,Toys,15,288.23,0.21,3415.53
2023-09,Japan,Clothing,1,924.79,0.03,897.05
2023-09,France,Electronics,49,193.79,0.2,7596.57
2023-09,Brazil,Home,45,828.22,0.13,32424.81
2023-09,Germany,Electronics,1,316.71,0.07,294.54
2023-09,Australia,Clothing,23,262.33,0.22,4706.2
2023-09,USA,Toys,24,791.4,0.09,17284.18
2023-09,Australia,Home,32,788.49,0.19,20437.66
2023-09,India,Clothing,39,239.47,0.1,8405.4
2023-09,France,Electronics,6,557.84,0.15,2844.98
2023-09,Japan,Electronics,5,680.17,0.25,2550.64
2023-09,Brazil,Toys,3,420.37,0.0,1261.11
2023-09,India,Electronics,47,676.91,0.05,30224.03
2023-09,Japan,Toys,47,494.48,0.13,20219.29
2023-09,Brazil,Toys,21,721.55,0.22,11818.99
2023-09,USA,Clothing,22,545.96,0.1,10810.01
2023-09,Japan,Home,32,891.95,0.07,26544.43
2023-09,USA,Home,36,127.23,0.06,4305.46
2023-09,UK,Clothing,39,67.15,0.12,2304.59
2023-09,UK,Clothing,15,751.9,0.17,9361.15
2023-09,UK,Electronics,9,421.62,0.13,3301.28
2023-09,UK,Home,10,417.75,0.23,3216.68
2023-09,France,Clothing,34,417.84,0.26,10512.85
2023-09,USA,Electronics,48,945.66,0.21,35859.43
2023-09,France,Toys,29,444.7,0.29,9156.37
2023-09,India,Home,13,397.94,0.27,3776.45
2023-09,Brazil,Clothing,49,951.93,0.23,35916.32
2023-09,Japan,Electronics,43,78.36,0.14,2897.75
2023-09,Brazil,Electronics,43,691.75,0.08,27365.63
2023-09,India,Clothing,28,700.3,0.23,15098.47
2023-09,France,Electronics,22,844.89,0.15,15799.44
2023-09,UK,Clothing,41,536.26,0.15,18688.66
2023-09,UK,Clothing,41,883.73,0.14,31160.32
2023-09,France,Clothing,30,651.3,0.0,19539.0
2023-09,Australia,Toys,2,76.3,0.26,112.92
2023-10,Germany,Home,40,968.39,0.02,37960.89
2023-10,India,Electronics,45,455.97,0.15,17440.85
2023-10,Japan,Home,20,997.21,0.17,16553.69
2023-10,France,Home,19,79.3,0.22,1175.23
2023-10,Australia,Home,4,469.6,0.22,1465.15
2023-10,USA,Home,43,930.0,0.11,35591.1
2023-10,USA,Clothing,49,379.51,0.19,15062.75
2023-10,USA,Electronics,15,58.17,0.17,724.22
2023-10,India,Clothing,37,525.86,0.11,17316.57
2023-10,Australia,Clothing,17,24.48,0.06,391.19
2023-10,Germany,Electronics,7,665.86,0.1,4194.92
2023-10,Japan,Electronics,17,265.65,0.18,3703.16
2023-10,France,Toys,26,890.24,0.17,19211.38
2023-10,Japan,Clothing,42,313.84,0.12,11599.53
2023-10,UK,Clothing,16,210.23,0.09,3060.95
2023-10,Australia,Electronics,2,430.6,0.27,628.68
2023-10,Germany,Home,15,562.35,0.18,6916.91
2023-10,USA,Toys,26,456.27,0.29,8422.74
2023-10,India,Toys,38,537.92,0.19,16557.18
2023-10,UK,Clothing,1,533.44,0.25,400.08
2023-10,France,Clothing,46,226.53,0.18,8544.71
2023-10,Japan,Clothing,39,779.02,0.25,22786.33
2023-10,Australia,Home,6,788.84,0.23,3644.44
2023-10,Germany,Toys,33,438.02,0.01,14310.11
2023-10,Brazil,Clothing,6,421.09,0.27,1844.37
2023-10,Brazil,Electronics,46,670.18,0.1,27745.45
2023-10,Australia,Clothing,40,738.87,0.13,25712.68
2023-10,France,Clothing,18,846.42,0.07,14169.07
2023-10,Japan,Electronics,38,103.97,0.3,2765.6
2023-10,UK,Electronics,31,803.33,0.2,19922.58
2023-10,UK,Electronics,27,249.08,0.01,6657.91
2023-10,France,Electronics,49,961.55,0.27,34394.64
2023-10,France,Home,11,23.56,0.02,253.98
2023-10,France,Home,22,24.24,0.23,410.63
2023-10,USA,Electronics,32,315.87,0.04,9703.53
2023-10,Australia,Home,35,939.03,0.12,28922.12
2023-10,France,Clothing,19,585.14,0.3,7782.36
2023-10,Brazil,Home,43,679.36,0.04,28043.98
2023-10,India,Toys,48,600.88,0.28,20766.41
2023-10,Japan,Clothing,28,532.4,0.06,14012.77
2023-10,UK,Electronics,12,499.21,0.26,4432.98
2023-10,USA,Toys,38,597.23,0.02,22240.85
2023-10,UK,Electronics,18,368.81,0.26,4912.55
2023-10,Australia,Home,11,175.68,0.15,1642.61
2023-10,India,Home,25,652.15,0.08,14999.45
2023-10,UK,Electronics,7,603.31,0.05,4012.01
2023-10,Germany,Clothing,22,583.93,0.14,11047.96
2023-10,Japan,Clothing,20,688.54,0.01,13633.09
2023-10,UK,Home,15,839.77,0.24,9573.38
2023-10,Japan,Clothing,3,642.64,0.29,1368.82
2023-10,France,Electronics,2,576.88,0.08,1061.46
2023-10,Germany,Clothing,26,743.16,0.03,18742.5
2023-10,UK,Clothing,20,41.43,0.13,720.88
2023-10,Japan,Electronics,20,882.16,0.26,13055.97
2023-10,Japan,Home,7,506.56,0.29,2517.6
2023-10,Australia,Toys,27,740.05,0.09,18183.03
2023-10,Brazil,Electronics,35,208.55,0.06,6861.29
2023-10,India,Home,31,973.65,0.14,25957.51
2023-10,Brazil,Electronics,30,136.66,0.1,3689.82
2023-10,France,Home,12,818.8,0.26,7270.94
2023-10,Japan,Electronics,19,556.36,0.24,8033.84
2023-10,Brazil,Toys,34,480.2,0.02,16000.26
2023-10,Australia,Clothing,32,175.82,0.04,5401.19
2023-10,UK,Electronics,40,123.29,0.0,4931.6
2023-10,Brazil,Toys,11,332.99,0.09,3333.23
2023-10,Japan,Toys,10,263.9,0.11,2348.71
2023-10,France,Electronics,32,975.62,0.05,29658.85
2023-10,Germany,Home,18,349.22,0.26,4651.61
2023-10,Brazil,Toys,23,107.6,0.25,1856.1
2023-10,UK,Toys,46,805.77,0.04,35582.8
2023-10,Japan,Clothing,40,310.59,0.09,11305.48
2023-10,Germany,Toys,23,91.45,0.14,1808.88
2023-10,Brazil,Clothing,42,289.1,0.11,10806.56
2023-10,Japan,Electronics,25,578.54,0.2,11570.8
2023-10,Australia,Electronics,15,207.25,0.01,3077.66
2023-10,Brazil,Home,13,989.56,0.27,9390.92
2023-10,Germany,Clothing,27,527.53,0.14,12249.25
2023-10,India,Home,12,488.35,0.25,4395.15
2023-10,Brazil,Electronics,35,801.72,0.04,26937.79
2023-10,Brazil,Toys,25,518.71,0.27,9466.46
2023-10,France,Electronics,49,183.74,0.17,7472.71
2023-10,India,Toys,26,870.91,0.12,19926.42
2023-10,Germany,Home,8,378.45,0.2,2422.08
2023-10,Japan,Home,38,856.16,0.05,30907.38
2023-10,UK,Toys,3,191.01,0.25,429.77
2023-10,Japan,Toys,38,970.23,0.17,30601.05
2023-10,India,Clothing,14,260.27,0.28,2623.52
2023-10,Australia,Home,12,561.22,0.25,5050.98
2023-10,Brazil,Electronics,25,34.98,0.08,804.54
2023-10,France,Clothing,20,257.17,0.08,4731.93
2023-10,France,Electronics,42,794.67,0.19,27034.67
2023-10,France,Electronics,36,463.74,0.11,14858.23
2023-10,India,Toys,8,921.53,0.01,7298.52
2023-10,Japan,Toys,8,925.28,0.24,5625.7
2023-10,France,Home,37,471.64,0.23,13437.02
2023-10,Australia,Home,2,762.82,0.15,1296.79
2023-10,Japan,Home,13,771.75,0.12,8828.82
2023-10,Japan,Clothing,13,677.66,0.23,6783.38
2023-10,Australia,Home,17,515.47,0.18,7185.65
2023-10,India,Toys,10,775.82,0.04,7447.87
2023-11,Australia,Toys,30,555.65,0.13,14502.47
2023-11,Japan,Home,1,798.05,0.23,614.5
2023-11,Australia,Electronics,32,59.12,0.22,1475.64
2023-11,Japan,Electronics,8,288.24,0.05,2190.62
2023-11,India,Home,40,207.84,0.02,8147.33
2023-11,Brazil,Home,31,775.04,0.07,22344.4
2023-11,France,Electronics,21,836.72,0.28,12651.21
2023-11,Japan,Clothing,38,28.96,0.25,825.36
2023-11,Japan,Toys,41,289.97,0.13,10343.23
2023-11,Australia,Electronics,21,961.88,0.2,16159.58
2023-11,UK,Home,28,601.32,0.2,13469.57
2023-11,Australia,Clothing,28,849.63,0.28,17128.54
2023-11,UK,Toys,4,356.91,0.27,1042.18
2023-11,Germany,Clothing,13,20.18,0.21,207.25
2023-11,India,Toys,46,796.54,0.08,33709.57
2023-11,Japan,Toys,28,268.44,0.1,6764.69
2023-11,Australia,Electronics,12,193.88,0.11,2070.64
2023-11,Germany,Clothing,44,173.24,0.07,7088.98
2023-11,Australia,Toys,31,158.97,0.29,3498.93
2023-11,India,Home,34,197.5,0.0,6715.0
2023-11,Japan,Clothing,9,753.67,0.23,5222.93
2023-11,USA,Home,3,301.32,0.03,876.84
2023-11,UK,Toys,49,16.81,0.06,774.27
2023-11,France,Toys,26,719.95,0.26,13851.84
2023-11,USA,Toys,12,910.08,0.09,9938.07
2023-11,Brazil,Toys,1,445.66,0.22,347.61
2023-11,UK,Clothing,21,435.66,0.25,6861.65
2023-11,Japan,Electronics,33,125.75,0.2,3319.8
2023-11,USA,Clothing,46,600.12,0.13,24016.8
2023-11,France,Toys,5,361.58,0.01,1789.82
2023-11,Germany,Home,23,662.07,0.28,10963.88
2023-11,Germany,Home,22,527.91,0.21,9175.08
2023-11,Australia,Clothing,10,333.53,0.0,3335.3
2023-11,Brazil,Home,5,107.75,0.02,527.98
2023-11,France,Toys,45,589.23,0.07,24659.28
2023-11,UK,Toys,2,741.48,0.01,1468.13
2023-11,Japan,Home,28,230.83,0.26,4782.8
2023-11,France,Home,8,303.39,0.28,1747.53
2023-11,Japan,Toys,30,267.07,0.29,5688.59
2023-11,France,Toys,47,152.87,0.03,6969.34
2023-11,India,Toys,1,463.35,0.07,430.92
2023-11,Brazil,Electronics,1,146.51,0.21,115.74
2023-11,USA,Electronics,15,822.49,0.14,10610.12
2023-11,France,Toys,8,166.72,0.02,1307.08
2023-11,Japan,Clothing,13,93.84,0.14,1049.13
2023-11,Japan,Electronics,6,570.03,0.05,3249.17
2023-11,Australia,Electronics,15,825.39,0.12,10895.15
2023-11,India,Home,35,26.59,0.2,744.52
2023-11,USA,Electronics,23,536.26,0.01,12210.64
2023-11,France,Clothing,20,257.27,0.2,4116.32
2023-11,USA,Clothing,4,566.57,0.21,1790.36
2023-11,France,Home,44,125.19,0.18,4516.86
2023-11,UK,Home,44,696.4,0.19,24819.7
2023-11,Germany,Toys,35,409.18,0.25,10740.98
2023-11,Australia,Toys,17,900.27,0.29,10866.26
2023-11,UK,Toys,36,419.04,0.2,12068.35
2023-11,Japan,Electronics,48,224.79,0.09,9818.83
2023-11,Australia,Home,16,829.03,0.01,13131.84
2023-11,France,Clothing,28,523.09,0.21,11570.75
2023-11,UK,Clothing,8,507.4,0.22,3166.18
2023-11,India,Home,45,838.13,0.02,36961.53
2023-11,Germany,Home,39,639.06,0.19,20187.91
2023-11,UK,Clothing,10,321.68,0.01,3184.63
2023-11,France,Electronics,39,734.18,0.25,21474.76
2023-11,France,Home,5,17.98,0.28,64.73
2023-11,France,Clothing,44,385.25,0.27,12374.23
2023-11,Australia,Clothing,18,257.01,0.16,3885.99
2023-11,India,Electronics,10,577.31,0.1,5195.79
2023-11,UK,Home,3,830.2,0.21,1967.57
2023-11,Australia,Toys,4,241.56,0.06,908.27
2023-11,Australia,Clothing,6,446.17,0.04,2569.94
2023-11,Japan,Toys,11,459.86,0.23,3895.01
2023-11,India,Toys,12,662.91,0.21,6284.39
2023-11,India,Home,41,206.11,0.02,8281.5
2023-11,France,Home,5,314.14,0.16,1319.39
2023-11,Japan,Electronics,28,139.2,0.17,3235.01
2023-11,Brazil,Electronics,10,898.99,0.03,8720.2
2023-11,USA,Clothing,41,61.87,0.05,2409.84
2023-11,Australia,Clothing,10,241.47,0.01,2390.55
2023-11,France,Clothing,45,311.56,0.08,12898.58
2023-11,Japan,Toys,2,927.2,0.13,1613.33
2023-11,Japan,Home,11,425.8,0.0,4683.8
2023-11,UK,Electronics,26,947.29,0.23,18964.75
2023-11,UK,Home,47,49.86,0.18,1921.6
2023-11,France,Toys,39,16.19,0.02,618.78
2023-11,UK,Home,15,278.78,0.27,3052.64
2023-11,Brazil,Home,46,202.5,0.03,9035.55
2023-11,France,Clothing,43,807.59,0.07,32295.52
2023-11,Australia,Toys,21,96.72,0.03,1970.19
2023-11,Germany,Toys,29,630.19,0.09,16630.71
2023-11,Brazil,Toys,14,754.94,0.02,10357.78
2023-11,Germany,Electronics,37,730.25,0.15,22966.36
2023-11,Brazil,Clothing,19,224.09,0.06,4002.25
2023-11,France,Home,29,157.76,0.08,4209.04
2023-11,Germany,Clothing,22,134.31,0.05,2807.08
2023-11,Japan,Toys,30,397.99,0.21,9432.36
2023-11,France,Home,29,351.37,0.1,9170.76
2023-11,Brazil,Toys,9,237.69,0.12,1882.5
2023-11,Japan,Toys,47,792.62,0.04,35763.01
2023-11,Australia,Toys,18,54.84,0.2,789.7
2023-12,UK,Electronics,22,674.56,0.08,13653.09
2023-12,USA,Electronics,42,450.08,0.15,16067.86
2023-12,Germany,Home,42,795.88,0.2,26741.57
2023-12,India,Electronics,31,296.55,0.14,7906.02
2023-12,USA,Home,10,433.21,0.1,3898.89
2023-12,India,Toys,16,648.41,0.01,10270.81
2023-12,Brazil,Home,24,825.04,0.17,16434.8
2023-12,Germany,Home,26,528.36,0.08,12638.37
2023-12,India,Electronics,11,992.04,0.09,9930.32
2023-12,Germany,Electronics,42,793.55,0.18,27329.86
2023-12,Germany,Toys,19,134.7,0.29,1817.1
2023-12,UK,Home,45,143.73,0.05,6144.46
2023-12,UK,Electronics,2,768.17,0.0,1536.34
2023-12,Japan,Clothing,20,283.16,0.23,4360.66
2023-12,France,Clothing,42,241.0,0.19,8198.82
2023-12,India,Clothing,42,258.57,0.2,8687.95
2023-12,France,Clothing,20,704.37,0.03,13664.78
2023-12,Australia,Clothing,32,483.74,0.28,11145.37
2023-12,Australia,Electronics,12,37.57,0.19,365.18
2023-12,India,Clothing,48,37.57,0.19,1460.72
2023-12,India,Home,36,182.9,0.09,5991.8
2023-12,Brazil,Electronics,14,403.91,0.24,4297.6
2023-12,France,Toys,20,568.28,0.15,9660.76
2023-12,USA,Clothing,14,841.42,0.04,11308.68
2023-12,USA,Toys,12,159.18,0.26,1413.52
2023-12,France,Toys,22,530.22,0.21,9215.22
2023-12,Germany,Toys,25,314.81,0.25,5902.69
2023-12,Germany,Clothing,38,302.87,0.0,11509.06
2023-12,UK,Toys,5,665.22,0.19,2694.14
2023-12,Japan,Home,31,52.05,0.21,1274.7
2023-12,India,Electronics,23,561.01,0.1,11612.91
2023-12,Australia,Home,44,925.01,0.14,35002.38
2023-12,Germany,Clothing,5,112.4,0.12,494.56
2023-12,Australia,Toys,14,127.04,0.0,1778.56
2023-12,Brazil,Home,17,558.81,0.04,9119.78
2023-12,Japan,Home,32,852.64,0.29,19371.98
2023-12,UK,Electronics,9,557.58,0.24,3813.85
2023-12,Brazil,Clothing,2,611.06,0.12,1075.47
2023-12,India,Toys,1,321.77,0.03,312.12
2023-12,UK,Home,47,977.03,0.12,40409.96
2023-12,Japan,Clothing,16,995.61,0.17,13221.7
2023-12,India,Home,47,325.12,0.15,12988.54
2023-12,Germany,Clothing,8,322.09,0.04,2473.65
2023-12,UK,Toys,35,669.95,0.04,22510.32
2023-12,Germany,Electronics,20,755.94,0.26,11187.91
2023-12,Japan,Home,38,101.58,0.23,2972.23
2023-12,France,Toys,22,314.45,0.15,5880.21
2023-12,France,Clothing,43,204.28,0.04,8432.68
2023-12,USA,Clothing,48,289.44,0.09,12642.74
2023-12,France,Toys,9,95.17,0.02,839.4
2023-12,Brazil,Home,12,479.42,0.02,5637.98
2023-12,UK,Clothing,42,821.87,0.01,34173.35
2023-12,UK,Home,6,259.79,0.09,1418.45
2023-12,USA,Toys,1,977.26,0.16,820.9
2023-12,Germany,Clothing,47,371.17,0.19,14130.44
2023-12,France,Toys,25,703.43,0.23,13541.03
2023-12,Germany,Home,37,30.72,0.09,1034.34
2023-12,India,Electronics,25,834.87,0.09,18993.29
2023-12,Germany,Clothing,4,401.98,0.23,1238.1
2023-12,Japan,Clothing,11,376.32,0.17,3435.8
2023-12,France,Home,28,583.93,0.1,14715.04
2023-12,India,Clothing,29,345.91,0.15,8526.68
2023-12,Japan,Home,30,504.31,0.03,14675.42
2023-12,Japan,Clothing,29,873.93,0.14,21795.81
2023-12,India,Home,38,393.4,0.2,11959.36
2023-12,Australia,Clothing,38,460.83,0.12,15410.16
2023-12,Brazil,Clothing,17,955.02,0.05,15423.57
2023-12,USA,Electronics,7,530.01,0.03,3598.77
2023-12,UK,Toys,33,135.56,0.12,3936.66
2023-12,USA,Toys,17,623.77,0.21,8377.23
2023-12,Germany,Electronics,7,599.28,0.26,3104.27
2023-12,UK,Toys,24,804.98,0.16,16228.4
2023-12,UK,Home,27,596.84,0.04,15470.09
2023-12,Germany,Toys,29,152.03,0.05,4188.43
2023-12,UK,Home,4,618.26,0.16,2077.35
2023-12,Japan,Clothing,48,590.76,0.25,21267.36
2023-12,Japan,Clothing,11,793.5,0.27,6371.81
2023-12,Germany,Clothing,26,284.3,0.28,5322.1
2023-12,India,Home,26,971.23,0.05,23989.38
2023-12,Japan,Toys,8,803.67,0.14,5529.25
2023-12,USA,Home,37,20.39,0.27,550.73
2023-12,USA,Electronics,12,951.03,0.01,11298.24
2023-12,India,Clothing,21,22.78,0.07,444.89
2023-12,UK,Clothing,15,614.27,0.01,9121.91
2023-12,Germany,Clothing,18,603.47,0.27,7929.6
2023-12,Germany,Clothing,37,906.48,0.25,25154.82
2023-12,Brazil,Clothing,11,828.08,0.18,7469.28
2023-12,India,Clothing,29,77.43,0.07,2088.29
2023-12,Brazil,Clothing,42,786.56,0.18,27089.13
2023-12,Brazil,Home,16,867.63,0.05,13187.98
2023-12,Australia,Toys,49,575.89,0.06,26525.49
2023-12,Australia,Electronics,23,789.86,0.09,16531.77
2023-12,UK,Clothing,39,380.07,0.19,12006.41
2023-12,UK,Home,3,192.61,0.06,543.16
2023-12,Brazil,Home,6,391.25,0.26,1737.15
2023-12,France,Home,3,388.96,0.25,875.16
2023-12,Germany,Home,4,17.26,0.01,68.35
2023-12,Australia,Home,16,570.36,0.26,6753.06
2023-12,Germany,Clothing,13,122.41,0.28,1145.76
2023-12,Brazil,Clothing,34,193.42,0.16,5524.08
